accom_id,accom_nameTH,accom_nameEN,accom_type,lat,long ,x (easting),y (northing),price,web,tel,description
1,ออนเซน แอท ม่อนแจ่ม,Onsen At Moncham,รีสอร์ท,18.9253592,98.8205796,481107.64,2092578.22,"เริ่มต้นที่ 5,000 บาท",http://www.onsenmoncham.com/ ,053-111606,ที่พักในบรรยายกาศสไตล์ญี่ปุ๊น ญี่ปุ่นนน ที่ถูกล้อมรอบไปด้วยเทือกเขาและธรรมชาติ ที่นี่ถูกออกแบบมาเป็นที่พักสไตล์เรียวกัง มีออนเซ็นให้แช่ตามแบบฉบับญี่ปุ่นแท้ๆ มีห้องพักทั้งหมด 16 ห้อง ถึงแม้ว่าห้องจะน้อยแต่ก็มีห้องที่สามารถเข้าพักได้ตั้งแต่ 2 ท่าน จนถึง 12 ท่านเลยล่ะค่ะ นอกจากนี้ยังครบครันไปด้วย Glass House ห้องอาหาร ห้องสปา ออนเซ็น และห้องฟิตเนส เพื่อรองรับความสะดวกสบายให้แก่ผู้เข้าพักทุกคน ใครมาพักที่นี่จะไม่มีผิดหวังกลับไปแน่นอน
2,ม่อนแสนลี้,Mon saenli ,โฮมสเตย์,19.2135747,98.8422956,483422.95,2124466.84,1400 - 2800 บาท,https://reservation.roomscope.com/1690/th,097-973-3213,ม่อนแสนลี้ ที่พักในอำเภอแม่แตง การเดินทางจากตัวเมืองเชียงใหม่ใช้เวลาประมาณ 1 ชั่วโมงครึ่งเท่านั้น เส้นทางที่ไปยังม่อนแสนลี้ขับรถไม่ยากค่ะ จะมีช่วงที่เป็นเส้นทางชันแค่ช่วงสั้นๆ เท่านั้น พอมาถึงก็พบกับบรรยากาศที่เงียบสงบของหมู่บ้านล้อมรอบไปด้วยขุนเขา ตัวที่พักที่สร้างเป็นสไตล์เต็นท์มีหลังคา ตั้งลดหลั่นอยู่ท่ามกลางหุบเขา แต่ละเต็นท์จะมีระยะห่างให้ความเป็นส่วนตัว ด้านหน้าเต็นท์มีทุ่งนาที่ตอนนี้ข้าวกำลังออกรวงสวยงาม สำหรับห้องพักของที่นี่จะมีทั้งหมด 11 หลัง แบ่งเป็น 2 แถว แถวล่างจะเป็นที่พักสไตล์เต็นท์กระโจมธรรมดาแบบไม่มีอ่าง 3 หลัง แต่มีห้องน้ำในตัว พร้อมกับแอร์และเครื่องทำน้ำอุ่นแต่จะไม่มีทีวี ชั้นบนจะเป็นเต็นท์กระโจม VIP พร้อมอ่างจากุซซี่ 4 หลัง บ้านธรรมดา 1 หลัง บ้าน VIP พร้อมอ่างในห้องน้ำอีก 1 หลัง และโดมวิลล่าที่มาพร้อมสระน้ำขนาดกะทัดรัดอีก 1 หลัง สิ่งอำนวยความสะดวกหลัก มีเครื่องปรับอากาศ ทีวี ผ้าขนหนู น้ำดื่ม ห้องน้ำส่วนตัวพร้อมเครื่องทำน้ำอุ่นและปลั๊กไฟพร้อมกับไฟฟ้าที่มีบริการตลอด 24 ชั่วโมง ส่วนใครอยากทานอาหารก็ไม่ต้องออกไปไหนไกลเพราะทางที่พักมีบริการอาหารจานเดียว กับข้าว เซ็ตหมูกระทะ พร้อมกันนั้นยังมีบริการอาหารเช้า บริการตีฟองสำหรับห้องที่มีอ่างจากุซซี่ บริการอาหารเช้าลอยน้ำสำหรับวิลล่าพร้อมสระน้ำ บริการชุดเซ็ตอาหารตะกร้าสาน และยังมีพาเที่ยวไร่ส้มของที่พักฟรีอีกด้วย ใครอยากหาที่พักรับลมหนาวก็ลองเดินทางมาสัมผัสความสวยงามของม่อนแสนลี้แห่งนี้ได้เลย
3,คูลดาวส์ รีสอร์ท,Cool downs Resort,รีสอร์ท,18.9114782,98.9053041,490027.99,2091035.41,"เริ่มต้น 2,640 บาท",https://www.facebook.com/cooldowns/,"053-044304,082-3862555,082-7660222",ที่พักสไตล์โมเดิร์น ล้านนา ระดับ 4 ดาว ที่อยู่ในซอยน้ำตกแม่สา 8 ที่ต้อนรับสัตว์เลี้ยง ในส่วนของห้องพักจะมีทั้งหมด 12 ห้อง 4 รูปแบบ พักได้ตั้งแต่ 2 คนจนถึงห้องวิลล่า 6 คนเลยค่ะ ภายในห้องพักก็กว้างขวาง แบ่งเป็นสัดส่วนชัดเจน มีสิ่งอำนวยความสะดวกครบครัน นอกจากนี้ยังมี มองมา คาเฟ่ คาเฟ่ที่บริการทั้งอาหารไทย อาหารพื้นเมือง ขนมหวาน และเครื่องดื่ม รวมถึงมีคูลบาร์ บาร์บนชั้นดาดฟ้าให้ขึ้นไปนั่งชมวิวด้วยค่า แต่ถ้าใครที่อยากนวดผ่อนคลาย เค้าก็มีสปาให้บริการจ้า เรียกได้ว่าสุขทั้งคนทั้งสัตว์เลี้ยงเลย 
4,แอท นาตา เชียงใหม่ ชิควิว,At NaTa Chiangmai Chic View,รีสอร์ท,18.9397242,98.8671722,486014.83,2094163.33,"เริ่มต้นที่ 2,250 บาท",https://www.atnatachicview.com/th,"091-7351174 , 081-6031717",ที่พักสไตล์เก๋ แปลกใหม่ เพราะเค้าออกแบบมาในสไตล์ที่พักโมร็อคโคสีสันสดใส ที่มีห้องพักทั้งหมด 11 ห้อง 4 รูมไทป์ มีทั้งห้องที่ติดริมสระว่ายน้ำและห้องพักวิวสวนให้เลือกพักค่ะ ภายในห้องพักก็จะตกแต่งในสไตล์วินเทจเพื่อให้เข้ากับสไตล์ของโรงแรม มีตั้งแต่ห้องที่พักได้ 2 ท่านจนถึง 4 ท่านเลย นอกจากนี้ยังมีสระว่ายน้ำ คาเฟ่ ร้านอาหาร ห้องประชุมไว้บริการผู้เข้าพักอีกด้วย 
5,อยู่ดินกินดีฟาร์มสเดย์,youdinkindee,โฮมสเตย์,18.9005548,98.9070925,490215.75,2089826.71,"เริ่มต้นช่วง Low  1,000 บาท , ราคาเริ่มต้นช่วง Hi 1,600 บาท ",http://www.youdinkindee.com/,091-4798687,ที่นี่เป็นฟาร์มสเตย์ท่ามกลางความร่มรื่นของต้นไม้และทุ่งนา ในส่วนของบ้านพักจะเป็นบ้านพักสไตล์บ้านดิน สีสันน่ารัก ตั้งอยู่กลางทุ่งนา มีทั้งหมด 7 หลัง ซึ่งมีตั้งแต่ห้องที่สามารถพักได้ตั้งแต่ 2 ท่าน จนถึง 6 ท่านเลย ไม่ว่าจะมาพักเป็นคู่หรือเป็นกลุ่มก็สบายเลยค่ะ ภายในบ้านก็ตกแต่งอย่างน่ารัก สีสันสดใสสุดๆ เรียกได้ว่าเป็นที่พักราคาสบายกระเป๋าท่ามกลางธรรมชาติทุ่งนาและสวนร่มรื่นที่น่าไปพักอีกที่นึงเลย
6,เดอะกระโจม แม่ริม,TheKrajom,รีสอร์ท,18.9008031,98.9090598,490422.91,2089854.04,ราคาท่านละ 1500 บาท,https://www.facebook.com/pages/category/Product-Service/TheKrajom-%E0%B9%80%E0%B8%94%E0%B8%AD%E0%B8%B0%E0%B8%81%E0%B8%A3%E0%B8%B0%E0%B9%82%E0%B8%88%E0%B8%A1-%E0%B9%81%E0%B8%A1%E0%B9%88%E0%B8%A3%E0%B8%B4%E0%B8%A1-%E0%B9%80%E0%B8%8A%E0%B8%B5%E0%B8%A2%E0%B8%87%E0%B9%83%E0%B8%AB%E0%B8%A1%E0%B9%88-100942467994070/,061-4532653,ที่พักรูปแบบแคมป์กระโจมริมทุ่งนา ที่จะเปิดแค่ช่วงหน้าหนาวตั้งแต่เดือนตุลาคมจนถึงปลายเดือนมกราคม ที่นี่มีกระโจมติดแอร์ทั้งหมด 6 หลัง มีตั้งแต่แคมป์ที่พักได้ 2 ท่านถึง 4 ท่านเลย โดยทุกห้องจะหันหน้าไปทางทุ่งนา เมื่อถึงช่วงทำนาทุ่งนาก็จะเขียวขจีบอกเลยว่าสวยงามมากๆ
7,พักแรม รีสอร์ท,Pak Ram Resort,รีสอร์ท,18.927451,98.9053258,490031.26,2092802.77,"Low Season เริ่มต้น 2,000 บาท , Hi Season เริ่มต้น 3,000 บาท ",https://www.facebook.com/PAKRAMVILLA/?__tn__=kC-R&eid=ARBI6cekliJDQdgWz0Pq6IrKLlbykN9dxSLYz-_gjQzrPHNlgq5yeafaZmb7h5dKwDuqNOfdDwQn90zI&hc_ref=ARSh_wiq_85IzVyfJvez7I_Q2TnJWE668HtvT2tiQ-XVqG2njK9OprF72l3H1VeEgFY&__xts__[0]=68.ARBH1zd_KIC6Kd-NSVmQWSgB7kQlmfeA_lpWK2BXcrK8CLKXrQLykw-NY3rUPvbEn8TVY4eNsiz5vu2ulfnywfUpwuanSWhyCVl-JiUh6SLdWOPJYG6ThQbjPuixhdfDQSXz5nL7s83RxMAkee5l1vkCYhRVsYDx1DWvUKoiukBYVm3w9sJL4KKVruvBFsFNniCR9dpMPRNduzTcR6VGptQadYIDP7kUMJo1IDG7uDXtBgmWB-1nzkAj0KWv3K8WcIExzGGgpZFGOMyq5nKy8KrDIhhnPnlBJRnXO4sucytPpXLl6qb5587p4974WwnrgS41HWV_cs6E-lqkGibFo73ftEE6CFeeDxKgLUr4MgNBGXrg3VHChdKy6yPhcrAKIGMi73t53AusxGc4mwPOZuhSbSTL27pvsTVysbHlOMLJ, 094-6961456,รีสอร์ทเป็นส่วนตัวเงียบสงบในสไตล์ล้านนา ท่ามกลางธรรมชาติ ที่มีบ้านพักเพียง 6 หลัง มาพร้อมสิ่งอำนวยความสะดวกครบครันมากมาย เรียกได้ว่าสะดวกสบาย ผ่อนคลายสุดๆ มาพักที่นี่นอกจากจะได้พักผ่อนกันอย่างเต็มที่แล้ว ตอนเช้าๆ วันไหนโชคดีก็อาจได้เห็นช้างมาเดินให้เราชมอีกด้วย
8,ภูแสงเทียน,Phusangthian,รีสอร์ท,18.9429242,98.7965701,478581.69,2094524.48,"เริ่มต้น 1,500 บาท",https://www.facebook.com/Phusangthian/  ,089 552 5114,ที่พักแสนน่ารักในรูปแบบเต็นท์และบ้านสไตล์มินิมอลเล็กๆ รายล้อมด้วยขุนเขาสลับกับแปลงเกษตรกรรมเป็นขั้นบันได บรรยากาศเงียบสงบและอากาศดีมาก ที่นี่มีห้องพักทั้งหมด 11 หลังด้วยกัน แบ่งเป็นบ้านไม้ไผ่ 3 หลัง และเต็นท์ 8 หลัง ทุกหลังมีสิ่งอำนวยความสะดวกที่จำเป็นครบครัน มีห้องน้ำและเครื่องทำน้ำอุ่นในตัว แถมยังมีระเบียงส่วนตัวให้ออกไปรับลม ชมวิวขุนเขาแบบรอบด้าน รวมถึงถ้าใครมาพักที่นี่ก็ยังสามารถสั่งชุดหมูจุ่มและหมาล่าสุดซี๊ดของที่พักมาลิ้มลองกันได้
9,พราวภูฟ้า รีสอร์ท,Proud Phu Fah  Chiang mai,รีสอร์ท,18.880821,98.8112987,480125.11,2087651.23,"เริ่มต้น  5,500-14,000 บาท",https://www.facebook.com/Proud-Phu-Fah-Chiang-mai-251464931532831/,"053-879389, 053-879286, 081-6477437, 053-879118",ที่พักน่ารักที่ถูกตกแต่งในสไตล์ Hip & Green Resort บ้านพักทุกหลังถูกรายล้อมไปด้วยธรรมชาติแห่งต้นไม้และสายน้ำ โดยจะแบ่งเป็น วิลล่าโซน คือโซนบ้านพักเป็นหลังๆ สำหรับใครที่ต้องการความเป็นส่วนตัว และ Phu Zone ซึ่งเป็นโซนเปิดใหม่ค่ะ เป็นอาคาร แบ่งเป็นห้องๆ มีทั้งหมด 3 ชั้น ตกแต่งคล้ายๆ กันแต่จะสามารถมองเห็นวิวภูเขาได้มากกว่าค่ะ  ใครที่ได้ไปพักจะสัมผัสได้ถึงความ สบาย ชิล เงียบสงบ และเป็นส่วนตัวสุดๆ ที่สำคัญไม่ไกลจากตัวเมืองใช้เวลาเดินทางแค่ 40นาทีเท่านั้น สะดวกสบาย แถมใกล้สถานที่ท่องเที่ยวสำคัญในตัวอำเภอแม่ริม
10,ฟลอร่า ครีค,Flora Creek Chiang Mai,รีสอร์ท,18.772676,98.8596583,485209.07,2075680.69,"เริ่มต้น 1,500 - 12,000บาท",https://www.floracreekchiangmai.com/th/,052-001400,ที่พักหรูทำเลดีที่ถูกล้อมรอบไปด้วยธรรมชาติ ลำธาร และขุนเขา ซึ่งในอดีตที่นี่เป็นพื้นที่ของสวนดอกไม้กฤษดาดอย แต่ในปัจจุบันได้เปลี่ยนมาเป็นที่พักสุดหรูในคอนเซ็ปต์ Coloured by Seasons ที่นำเอาความสวยของเฉดสีดอกไม้ตามฤดูกาลมาตกแต่งบรรยากาศภายในที่พัก ส่วนห้องพักก็มีให้เลือกหลากหลายค่ะ สิ่งอำนวยความสะดวกในห้องก็มีครบครัน สะดวกสบายสุดๆ นอกจากนี้ยังมีสระว่ายน้ำ ฟิตเนส และจักรยานให้ปั่นเล่นรอบรีสอร์ทกันอีกด้วย 
11,พอเทล เชียงใหม่,Pawtel Chiangmai,รีสอร์ท,18.9538735,98.9215529,491741.19,2095725.56,"เริ่มต้นที่ 2,000-3,500 บาท",www.pawtelchiangmai.com,053-044565,ที่พักน่ารักที่ตอบโจทย์เอาใจคนรักน้องหมาโดยเฉพาะ! ภายในที่พักแบ่งเป็น 2 โซน คือ 1 โซนสำหรับเจ้าของ และ 2 โซนสำหรับสุนัขค่ะ ภายในที่พักตกแต่งในในสไตล์โรงนาอังกฤษใช้สีโทนฟ้าขาว ตัดกับสีของพื้นที่ใช้ไม้เป็นวัสดุดูกลมกลืนกับธรรมชาติมากๆ แถมสระว่ายน้ำก็แยก 2 สระ เป็นสระสำหรับลูกค้า และสำหรับน้องหมาโดยเฉพาะเลย นอกจากนี้ยังมีคาเฟ่ ยังมีร้านขายของที่ระลึก
12,แอท นาธา เชียงใหม่ ชิคจังเกิ้ล รีสอร์ท,At NaTa Chiangmai Chic Jungle Resort,รีสอร์ท,18.9063336,98.9041163,489902.58,2090466.31,"เริ่มต้น 2,400 บาท",https://www.facebook.com/atnatachiangmai/,"053-044121, 081-6031717",ที่พักน่ารักสไตล์ลอฟท์ อยู่ท่ามกลางธรรมชาติ ด้านหน้าที่พักมีธารน้ำตกแม่สาไหลผ่านตลอดทั้งปี ห้องพักมีให้เลือกถึง 4 แบบมีห้องประชุมสำหรับกรุ๊ปสัมนาเล็กๆ ที่สำคัญที่นี่สามารถนำสัตว์เลี้ยงเข้าพักได้ด้วย คนที่รักน้องหมาน้องแมวไม่ควรพลาด พื้นที่ส่วนกลางก็มีทั้งสระว่ายน้ำ คาเฟ่ ร้านอาหาร มุมนั่งเล่นบริเวณรอบๆที่พัก และโซนริมน้ำที่สุดจะชิล
13,รายา เฮอริเทจ,Raya Heritage,รีสอร์ท,18.8488569,98.9830616,498215.67,2084104.03," เริ่มต้น 5,000-9,000บาท ",https://www.rayaheritage.com/en/ ,053-111670,ที่พักท่ามกลางธรรมชาติ ที่เมื่อเพื่อนๆ เข้ามาพักแล้วจะได้สัมผัสความรู้สึกการพักผ่อนท่ามกลางบรรยากาศอันสงบร่มรื่นริมฝั่งแม่น้ำปิง ซึ่งการตกแต่งของที่นี่ก็จะเป็นสไตล์โคซี่ เรียบง่ายแต่หรูหรา เน้นใช้โทนสีเอิร์ธโทนเป็นหลัก ทำให้แขกผู้เข้าพักอบอุ่นและผ่อนคลาย รวมถึงภายในบริเวณโรงแรมก็ยังตกแต่งด้วยงานหัตถกรรมพื้นบ้าน และสิ่งของเครื่องใช้ที่มีความเป็นเอกลักษณ์เปรียบเสมือนประตูทางวัฒนธรรมที่ถูกสร้างขึ้นเพื่อถ่ายทอดเสน่ห์ของวิถีชีวิตล้านนาดั้งเดิมแก่ผู้มาเยือน
14,โมริ เนเชอรัล ฟาร์ม,Mori Natural Farm,ฟาร์มสเตย์,18.8669499,98.8290823,481996.63,2086114.55,"เริ่มต้น 3,300 บาท /หลัง",-,081-787-8595,"เป็นฟาร์มสเตย์เล็กๆ  ที่ผสมผสานกลิ่นอายความเป็นล้านนาและญี่ปุ่นได้อย่างลงตัว เน้นบริการที่เป็นกันเองที่ได้ฟีลเหมือนมานอนบ้านญาติต่างจังหวัด สำหรับบ้านพัก อยู่เพียงแค่ 4 หลัง กับอีก 1 ห้อง คือ บ้านเรียวคัง บ้านพักสไตล์ญี่ปุ่นสำหรับ 2 คน , บ้านหลองข้าว บ้านพักสไตล์ล้านนาสำหรับ 2 คน,บ้านคอทเทจ เป็นบ้านเล็กๆ สไตล์ cottage garden สำหรับ 2 คน,บ้านโรงนา บ้านพักหลังใหญ่ที่สุดพักได้ 4-6 คน และห้องสุดท้าย ห้องทาทามิ ห้องเล็กๆ น่ารักแบบฉบับเจแปนปูพื้นด้วยเสื่อทาทามิของแท้จากญี่ปุ่นและนอนบนฟูกฟูตงแบบต้นตำหรับ"
15,สเตย์ ไวลด์ แอนด คาเฟ่,Stay Wild & Café,โฮมสเตย์,19.2251325,98.8127302,480316.48,2125748.82,"เริ่มต้น 2,400 บาท",https://www.facebook.com/Stay-Wild-Caf%C3%A9-415176748866164/,089-4416365,ที่พักริมลำธารที่มีคาเฟ่ในตัวกลางป่าใหญ่ ที่ออกแบบบ้านพักดีไซน์สวยงามที่ให้ความรู้สึกชิลเหมือนการมาพักที่บ้านเพื่อน ตัวบ้านพักมีจำนวน 9 หลัง ออกแบบมาในสไตล์บาหลี ที่ะเน้นไม้เป็นหลัก จึงทำให้ได้บรรยากาศอบอุ่น... ส่วนภายในห้องพักก็จะมีสิ่งอำนวยความสะดวกครบครัน แถมยังสามารถนอนชมวิวลำธารได้จากบนเตียงเลย นอนฟังเสียงลำธารพร้อมชมวิวหมอก
16,บ้านธารกล่อม,bannthanklom,รีสอร์ท,19.2321967,98.877688,487144.63,2126524.38,"เริ่มต้น 1,500 บาท",https://www.facebook.com/bannthanklom/ ,095-6901827,เป็นที่พักตีนดอยแม่ตะมานริมลำธารที่มีน้ำไหลใสเย็นตลอดปี โดยที่นี่เกิดขึ้นจากไอเดียของเจ้าของที่อยากเชื่อมโยงระหว่างผู้คนกับธรรมชาติ ให้ผู้เข้าพักสามารถใช้วันหยุดไปกับการพักผ่อนได้อย่างเต็มอิ่ม ในส่วนของบ้านพัก มีให้เลือกทั้งหมด 8 แบบ ซึ่งแต่ละแบบจะเน้นการตกแต่งและออกแบบแบบเรียบง่ายและกลมกลืนกับบริบทรอบข้าง เน้นการใช้ไม้เป็นหลัก โดยการตกแต่งทั้งภายในและภายนอกห้องก็จะเน้นความเป็นธรรมชาติ มีเสน่ห์ในตัวเอง ไม่ต้องปรุงแต่งมากมาย ทำให้เรารู้สึกเย็นสบาย เมื่ออยู่ท่ามกลางป่าเขาด้วยแล้ว ยิ่งชวนให้เอนกายนอกพักทั้งวันเลยทีเดียว
17,บ้านพัก แม่กลางหลวงวิว,Maekalng Luang View,โฮมสเตย์,18.54064,98.5470878,452201.38,2050061.61,"ห้องแถว 2 ท่าน 600 บาท หลัง 4 ท่าน 1,500 บาท หลัง 10 ท่าน 4,000 บาท (ไม่รวมอาหารเช้า)",https://www.facebook.com/%E0%B8%9A%E0%B9%89%E0%B8%B2%E0%B8%99%E0%B8%9E%E0%B8%B1%E0%B8%81-%E0%B9%81%E0%B8%A1%E0%B9%88%E0%B8%81%E0%B8%A5%E0%B8%B2%E0%B8%87%E0%B8%AB%E0%B8%A5%E0%B8%A7%E0%B8%87%E0%B8%A7%E0%B8%B4%E0%B8%A7-278264125660345/,086-1894075,ที่นี่ห้องพักเยอะ มีหลากหลายห้องให้เลือก มา 2 คน หรือ 4 คนก็สามารถมามาพักได้สบายๆ ส่วนวิว บรรยากาศรอบห้องพักเป็นวิวนาขั้นบันได
18,บ้านระเบียงนา ป่าบงเปียง,Ban rabiangna pa bong piang,โฮมสเตย์,18.5304646,98.4424215,441151.49,2048966.75,ราคาท่านละ 500 บาท,https://www.facebook.com/sombutchai02577/,0807946883,ที่มีห้องพักเป็นบ้านไม้บนเนินที่สามารถชมวิวนาขั้นบันไดได้แบบสุดลูกหูลูกตา ด้านหน้าห้องก็จะมีชานระเบียงไม้ให้นั่งทานอาหาร นั่งชมวิว รวมถึงมีมุมถ่ายรูปยอดฮิต ที่เป็นสะพานไม้สั้นๆ ยื่นออกไปตรงเนิน
19,บ้านไม้ไผ่ยักษ์,Giant bamboo hut,โฮมสเตย์,18.5407179,98.5399991,451453.25,2050072.13,"ท่านละ 1,200 บาท",https://www.facebook.com/Giant-Bamboo-Hut-356513381353632/,081-8812471,ที่พักดีไซน์เก๋ สร้างด้วยไม้ไผ่ สูง 3 ชั้น อิงแอบนาขั้นบันไดบ้านแม่กลางหลวง และติดกับลำธารจากน้ำตกผาดอกเสี้ยว ที่นี่ตั้งอยู่ระหว่างเส้นทางเดินธรรมชาติผาดอกเสี้ยว ห่างจากหมู่บ้านเเม่กลางหลางประมาณ 1 กม. บ้านทั้งหลังมี 2 ชั้น มี 2 ห้องนอน 2 ห้องน้ำ  ชั้นล่างเป็นห้องโถงสำหรับนั่งเล่น ทางเรารับนักท่องเที่ยวเพียงหนึ่งกลุ่มต่อคืนเท่านั้นเพื่อเน้นความสงบ
20,วู มะ คา มู,Woo Ma Ca Moo,โฮมสเตย์,18.8639651,99.3402501,535840.44,2085810,"เริ่มต้น 4,800 บาท",https://www.facebook.com/woomacamoo/,0643344135 ,ที่พักเปิดใหม่ดีไซน์เก๋แบบส่วนตัว ในบรรยากาศพรีเมียมโฮมสเตย์ที่มีลำธารไหลผ่าน ล้อมรอบด้วยธรรมชาติ อากาศเย็นสบายๆ แบ่งห้องพักหลักๆ ออกเป็น 3 ห้อง คือมะหยิบ มะเหงก และมะกอก ภายในห้องภายในห้องพักมีการเลือกใช้เฟอร์นิเจอร์และของตกแต่งที่ให้ความอบอุ่น สบายตา สอดรับกับธรรมชาติ มีสิ่งอำนวยความสะดวกครบครัน
21,พาสเทล โอลด์ทาวน์ เชียงใหม่,Pastell Oldtown Chiang Mai,โรงแรม,18.7827693,98.9801791,497911.15,2076791.72,"เริ่มต้น 1,600 บาท",https://www.pastellhotel.com/,053-272989,ที่พักเชียงใหม่ ดีไซน์เก๋ ขนาดกะทัดรัดที่แฝงตัวอยู่ในย่านชุมชนเมืองเก่า เกิดจากความตั้งใจที่จะรักษาอัตลักษณ์พื้นถิ่นชุมชนให้คงอยู่จึงออกแบบมาในสไตล์ล้านนาดั้งเดิมเข้ากับสไตล์โมเดิร์นที่ยังคงความเรียบง่ายและสะดวกต่อการใช้สอย ด้วยโทนสีขาวสะอาดตาและสีพาสเทลที่ช่วยเพิ่มความหอมหวาน สร้างบรรยากาศของการพักผ่อน อบอุ่น ให้ผู้เข้าพักได้รู้สึกถึงความผ่อนคลาย แต่ยังได้กลิ่นอายของเมืองล้านนาเป็นอย่างดี อีกทั้งยังเพียบพร้อมไปด้วยสิ่งอำนวยความสะดวกและการเดินทางที่สะดวกสบาย
22,เดอะ เอิร์ธ โฮเทล,The Earth Creative Lifestyle Hotel,โรงแรม,18.797828,98.9729235,497146.72,2078458.03,"เริ่มต้น 2,200 บาท",https://www.facebook.com/TheEarthHotel/,053-218889,"ที่พักเชียงใหม่ดีไซน์เก๋บนถนนห้วยแก้วที่ตัวสถาปัตยกรรมภายนอกเปลือยให้เห็นผนังคอนกรีต ส่วนต้อนรับหรือล็อบบี้ของโรงแรมถูกออกแบบในรูปทรงของซุ้มโค้ง ภายในมีห้องพักให้เลือกทั้งหมด 7 ห้อง 3 รูปแบบ แต่ละห้องตกแต่งตามธีม Terra, River และ Sky ผ่านการเลือกสีของหมอนและผ้า เน้นใช้เฟอร์นิเจอร์ไม้ให้ห้องดูอบอุ่นน่ารักด้วยสีเอิร์ธโทน เพื่อให้ผู้เข้าพักได้รับความรู้สึกเหมือนอยู่บ้าน"
23,ศาลาล้านนา เชียงใหม่,Sala Lanna Chiang Mai,โรงแรม,18.7911939,99.0006895,500072.61,2077723.79,"ราคาเริ่มต้นช่วง Low Season 1,700 บาท , ราคาเริ่มต้นช่วง Hi Season 2,250 บาท ",https://www.salahospitality.com/lanna/,053-242588,โรงแรมใจกลางเมืองเชียงใหม่บนถนนเจริญรัตน์ ติดริมแม่น้ำปิง ที่ตกแต่งในสไตล์โมเดิร์นที่ผสมผสานความเป็นล้านนา ที่บริการห้องพัก 15 ห้อง 4 รูมไทป์ ตกแต่งเรียบง่ายแต่หรูหรา นอกจากนี้ยังมีสระว่ายน้ำริมแม่น้ำปิงพร้อมกับบีนแบ็คให้เราได้นั่งชิลชมวิวอีกด้วยค่ะ รวมถึงมี Rooftop Bar ไว้บริการผู้เข้าพักที่อยากจะมานั่งจิบเครื่องดื่มเย็นๆ พร้อมกับฟังเพลงชมวิวเมืองเชียงใหม่ยามค่ำคืนอีกด้วย
24,พาร์ค โบโร ซิตี้ รีสอร์ต,Parc Borough City Resort,รีสอร์ท,18.7684638,98.9787448,497759.84,2075208.96,"เริ่มต้น 4,000 บาท",https://www.facebook.com/parcboroughhotel/?__tn__=%2Cd%2CP-R&eid=ARDyky10UhUjDGpymAhUVEz2SBDj9S4M45mPm8z42NzUTwk4py4k0btBbjvQR2o_s1Q10WvI17-EoVTj,053-284100,"ที่พักหรูใจกลางเมืองใกล้สนามบินเชียงใหม่เลยค่ะ  ที่นี่ออกแบบมาในสไตล์โอเอซิสร่มรื่น มีห้องพักทั้งหมด 57 ห้อง 6 รูปแบบ ซึ่งรูมไทป์ของที่นี่จะเริ่มต้นที่ 50 ตร.ม. ทุกห้องแบ่งเป็นสัดส่วน แยกห้องนอน ห้องนั่งเล่น ห้องน้ำชัดเจน พร้อมด้วยสิ่งอำนวยความสะดวกครบครัน แถมมีมินิบาร์ฟรี นอกจากนี้ยังมี Caramellow Cafe ,Gayarandra Spa ,ห้องอาหารครัวลลิต ฟิตเนส และสระว่ายน้ำบริการอีกด้วย"
25,วินทรี ซิตี้ รีสอร์ท เชียงใหม่,Wintree City Resort Chiang Mai,รีสอร์ท,18.8106228,98.9769258,497568.73,2079873.68,"เริ่มต้น 2,500 บาท",http://www.facebook.com/wintreecityresort/,"052-081377, 094-6016777"," รีสอร์ทหรูสไตล์โมเดิร์น ทันสมัย ผสมผสานความเป็นวัฒนธรรมล้านนา ริมถนนเชียงใหม่-ลำปาง มีห้องพักทั้งหมด 168 ห้อง 4 รูปแบบ เริ่มต้นจาก Superior , Deluxe , Premier Garden View และ Duplex Suite ห้องพัก 2 ชั้น ติดริมสระว่ายน้ำ บอกเลยว่าหรูมาก นอกจากนี้ยังมีห้องประชุมขนาดใหญ่สามารถจัดเลี้ยง จัดสัมมนา และใครอยากจิบชายามบ่ายก็มี Afternoon Tea Set ราคา 399 / 2 ท่าน"
26,ครอสทูไวบ์ เชียงใหม่ เดเซม โฮเทล,X2 Vibe Chiang Mai Decem Hotel,โรงแรม,18.8048359,98.966789,496500.49,2079233.54,"เริ่มต้น 1,800 บาท",-,053-214828,ที่นี่เป็นโรงแรมสไตล์ลอฟท์ ตามคอนเซ็ปต์ Stay Chill & Joy บริการห้องพักถึง 153 ห้อง 6 รูมไทป์ ไม่ว่าจะมาเป็นคู่หรือเป็นแก๊งก็พักได้สบาย ภายในห้องพักก็สะดวกสบายมีสิ่งอำนวยความสะดวกครบครัน นอกจากนี้ยังมีสระว่ายน้ำ ฟิตเนส จักรยาน และคาเฟ่
27,สุเนต์ตาโฮสเทล เชียงใหม่,Suneta Hostel Chiang Mai,โฮลเทล,18.8016707,99.0029287,500308.64,2078883.02,เริ่มต้น 450 บาท ,https://www.sunetahostel.com/,053-232345, โฮลเทลใจกลางเมืองเชียงใหม่ ใกล้ถนนท่าแพ ที่เป็นโฮลเทลสไตล์ลอฟท์ผสมผสานความเป็นล้านนา ห้องพักจะมีทั้งห้องไพรเวทมีห้องน้ำในตัว ห้องแบบ Dormitory และห้องแบบเคบินนอนได้ 1 คน ห้องน้ำรวม รวมถึงยังมีห้องเกมส์ส่วนกลางให้ได้เข้าไปเล่นด้วย
28,S17@นิมมาน,S17@Nimman,โรงแรม,18.7949563,98.967696,496595.86,2078140.35,"เริ่มต้น 1,190 บาท",https://www.s17nimman.com/,053-221717,โรงแรมสไตล์โมเดิรน์ ตั้งอยู่ในซอยนิมมานเหมินท์ 17 เดินทางง่าย สะดวก อยู่ใจกลางย่านชิค ที่มีห้องพักทั้งหมด 52 ห้อง แบ่งออกเป็น 6 รูปแบบ มีตั้งแต่ห้องที่สามารถเข้าพักได้ 2 ท่าน จนถึง 4 ท่านเลยค่ะ ภายในห้องก็ยังแบ่งเป็นสัดส่วนชัดเจนทั้งห้องนอนและห้องน้ำ มาพร้อมสิ่งอำนวยความสะดวกครบครัน ที่สำคัญยังสามารถไปสถานที่ท่องเที่ยวต่างๆ ได้สบายเลย ทั้งโซนนิมมานเหมินท์ โซนคูเมือง โซนหลังมช. เรียกได้ว่าไปได้ทุกที่ของเชียงใหม่
29,ฮอม บูทีค โฮเทล,Homm Boutique Hotel,โรงแรม,18.7996213,98.9587554,495653.8,2078656.7,เริ่มต้น 1000 บาท,-,092-9927488 ,บูทีคโฮเทลอีกหนึ่งแห่งของเชียงใหม่ที่ดีไซน์เก๋ จุดเด่นคือทางที่พักรวบรวมเอาภูมิปัญญาท้องถิ่นมาผสมกับการออกแบบที่ทันสมัยผ่านวัสดุตกแต่งอย่างผ้าที่เป็นงานทอท้องถิ่น และผ้าเขียนเทียนซึ่งมีเอกลักษณ์ชัดเจนซึ่งถูกประดับไว้ทุกห้อง แบ่งห้องพักออกเป็น 4 แบบ เน้นตกแต่งอย่างเรียบง่าย เลือกใช้สีขาวสะอาดตาผสมกับโทนสีอบอุ่นของเนื้อไม้ที่พร้อมให้ความรู้สึกอบอุ่นอบอุ่นเหมือนอยู่บ้าน
30,ครอสทูเชียงใหม่ ริเวอร์ไซด์ รีสอร์ต,X2 Chiang Mai Riverside,รีสอร์ท,18.8016707,99.0029287,500308.64,2078883.02,"เริ่มต้น 6,230 บาท",https://www.facebook.com/X2chiangmairiverside/,053-931999,รีสอร์ทที่ตั้งอยู่ใจกลางเมืองเชียงใหม่ริมแม่น้ำปิง ในสไตล์ล้านนาคอนเทมโพรารี่ มีทั้งหมด  30 ห้อง 4 แบบ ให้เลือกพัก ภายในห้องพักตกแต่งด้วยเฟอร์นิเจอร์ที่ดูเรียบหรู ห้องพักกว้าง เพิ่มสีสันด้วยวอลเปเปอร์สีสวยๆ บนหัวเตียง มีสิ่งอำนวยความสะดวกที่ครบครันและทันสมัยสุดๆ นอกจากนี้บนชั้นดาดฟ้าของที่พักก็มี ฟิตเนส สระว่ายน้ำ และ บาร์
31,บริคโฮเทล เชียงใหม่ ,Brique Hotel Chiang Mai,โรงแรม,18.8021445,99.0222819,502347.94,2078935.61,"เริ่มต้น  1,800-4,500 บาท",https://www.facebook.com/BriqueHotelChiangmai/,052-012555, โรงแรมที่ตั้งอยู่ใน เชียงใหม่บิสสิเนสพาร์ค อยู่ห่างจากสนามบินเพียง 15 นาที ที่นี่เป็นที่พักที่ถูกตกแต่งแบบร่วมสมัยในสไตล์โมเดิร์น-คอนเทมโพรารี่ บริการห้องพักมากถึง 122 ห้อง ภายในจะดูอบอุ่นหรูหรา พร้อมกันนั้นยังมี ห้องอาหาร บาร์ สระว่ายน้ำกลางแจ้งเป็นสระน้ำเกลือ ฟิตเนส และที่จอดรถส่วนตัวฟรีในสถานที่อีกด้วย นอกจากนี้ยังมีบริการรถรับส่งฟรีไปยังสถานที่ท่องเที่ยวต่างๆในเมืองเชียงใหม่
32,ไทยอัครา ล้านนา บูติก โฮเทล,Thai Akara - Lanna Boutique Hotel,โรงแรม,18.790238,98.9875653,498689.59,2077618.06,"1,200-8,000 บาท",https://www.facebook.com/thaiakarahotel/,0-5321-5995,เป็นโรงแรมสวยสไตล์ล้านนา รับรองว่าไปเชียงใหม่ทั้งที จะต้องได้รับบรรยากาศสไตล์เหนือแบบเต็มพิกัด เป็นความเรียบง่ายท่ามกลางบรรยากาศที่รื่นรมย์ และเงียบสงบในใจกลางเมืองเชียงใหม่
33,ฮอไรซั่น วิลเลจ แอนด์ รีสอร์ท,Horizon Village Resort,รีสอร์ท,18.8575373,99.0952696,510035.66,2085067.05,"999-1,599 บาท",https://www.facebook.com/HorizonVillageResort/,09-1559-4641,เป็นที่เดียวกับสวนพฤกษศาสตร์ทวีชลค่ะ ภายในเค้ามีพื้นที่กว้างขวาง ถึง 302 ไร่ ตอบโจทย์คนรักธรรมชาติสุดๆ ด้วยบรรยากาศสีเขียว มีต้นไม้นานาชนิด มีกิจกรรมมากมายภายในสวนที่พักเงียบสงบ บรรยากาศธรรมชาติ ห้องพักสะอาด สวยงามสไตล์ล้านนา เข้าชมสวนได้ฟรี
34,เดอะ ลานนา,De Lanna Hotel Chiang Ma,โรงแรม,18.7896075,98.9809071,497987.95,2077548.3,"950-4,300 บาท",https://www.facebook.com/DeLannaCM/,0-5332-6266,โรงแรมบูติคสไตล์ล้านนา ตั้งอยู่บริเวณใจกลางเมืองเชียงใหม่ บรรยากาศของที่นี่เงียบสงบ ร่มรื่น มีสวนหย่อมเล็กๆ อยู่กลางโรงแรม ยังใกล้กับสถานที่สำคัญหลายที่ ไม่ว่าจะเป็น วัดพระสิงห์ วัดเจดีย์หลวง ประตูท่าแพ อนุสาวรีย์สามกษัตริย์ และถนนคนเดินเชียงใหม่
35,โรงแรมอาร์ค39 มินิมอล อาร์ต แอนด์ คราฟต์,Arch39 Minimal Art&Craft Hotel,โรงแรม,18.7896327,98.974341,497296.02,2077551.27,"1,200-6,000 บาท",https://www.facebook.com/arch39hotel/,09-1879-5989,เป็นที่พักดีไซน์เก๋ ตั้งอยู่ย่านประตูช้างเผือก ตกแต่งสไตล์โมเดิร์นแบบญี่ปุ่น ด้วยการใช้สีแนวเอิร์ธโทนที่สบายตาและใกล้ชิดกับธรรมชาติ
36,โรงแรม เชียงใหม่ออคิด,Chiang Mai Orchid Hotel,โรงแรม,18.7968752,98.9731628,497172,2078352.58,"500-3,500 บาท",https://www.facebook.com/chiangmaiorchidhotel/,0-5322-2099,ป็นโรงแรมที่อยู่ใจกลางเมืองเชียงใหม่ สามารถเดินทางไปยังสถานที่ต่างๆ ได้อย่างสะดวก ติดกับห้างสรรพสินค้า และแหล่งช้อบปิ้งอย่างนิมมานเหมินทร์ จะไปนั่งคาเฟ่ชิคๆ ก็ใกล้ จะไปเดินช้อปปิ้งอัพเดทแฟชั่นก็สะดวก
37,โรงแรม อรุณธารา ริเวอร์ไซด์ บูติค,Aruntara Riverside Boutique Hotel,โรงแรม,18.7689863,98.9989119,499885.33,2075266.58,"1,350-5,100 บาท",https://www.facebook.com/AruntaraRiversideBoutiqueHotel/,0-5323-5111,เช็คอินที่นี่จะได้สัมผัสกับความเงียบสงบ ได้พักผ่อนแบบชิลขึ้นสุดในบรรยากาศริมแม่น้ำปิง ห้องพักก็สวยงามตกแต่งในสไตล์โมเดิร์นโคโลเนียล ห้องอาหารก็มีวิวทิวทัศน์ที่สวยงาม ติดริมแม่น้ำปิง ที่ให้บริการทั้งอาหารไทยและยุโรป
38,เก๊าไม้ล้านนา รีสอร์ท,Kaomai Lanna Resort,รีสอร์ท,18.6790452,98.7988733,478791.12,2065327.02,"1,080-5,400 บาท",https://www.facebook.com/kaomailanna/,08-6428-7481 / 0-5348-1201,เป็นที่พักที่มีเอกลักษณ์โดดเด่นเฉพาะตัว ดัดแปลงมาจากโรงบ่มใบยาสูบ ให้เป็นห้องพักสุดสบายท่ามกลางสวนสวยร่มรื่นในแบบของสวนป่าธรรมชาติ ทำให้ที่นี่ได้รับรางวัลการอนุรักษ์มรดกทางวัฒนธรรม จากองค์การ UNESCO
39,โชตนา วิลล่า โฮเทล,Chotana Villa,โรงแรม,18.816379,98.9788473,497771.22,2080510.53,"900-5,500 บาท",https://www.facebook.com/chotanavilla,08-8251-9085,"ที่พักสไตล์โมเดิร์นลอฟท์เก๋ๆ ที่มาพร้อมกับสิ่งอำนวยความสะดวกมากมายค่ะ ไม่ว่าจะเป็น โทรทัศน์จอแบน ผลิตภัณฑ์ทำความสะอาด, มีชาบริการฟรี รวมถึงอ่างอาบน้ำร้อน และสระว่ายน้ำกลางแจ้ง"
40,เดอ ณารา,De Nara Hotel,โรงแรม,18.7833948,98.9896269,498906.84,2076860.9,"900-2,000 บาท",https://www.facebook.com/denarahotel,0-5327-1224,สไตล์บูติก เดอ ณารา ทำเลที่ใกล้ถนนคนเดินวันเสาร์ และถนนคนเดินวันอาทิตย์ ด้วยการเดินเพียง 5 นาที พร้อมด้วยสิ่งอำนวยความสะดวกครบครันภายในห้องพัก รวมถึงสระว่ายน้ำ และสวนหย่อมภายในโรงแรม
41,อนันตรา เชียงใหม่ รีสอร์ท,Anantara Chiang Mai Resort,รีสอร์ท,18.7815954,99.0015253,500160.71,2076661.71,"1,999-70,000 บาท",https://www.facebook.com/AnantaraChiangMai/,05-325-3333,ที่พักสุดงดงาม ตั้งอยู่ริมฝั่งแม่น้ำปิง บรรยากาศร่มรื่น สดชื่นไปกับธรรมชาติ และมีความเงียบสงบ เป็นการรวมเอาความโมเดิร์นและล้านนาเข้ามาไว้ด้วยกันอย่างลงตัว 
42,กอดเชียงใหม่,GordChiangmai,โรงแรม,18.783558,98.985292,498449.99,2076878.97,"1,490-2,990 บาท",https://www.facebook.com/GordChiangmaiHotels/,08-1951-8875,โรงแรมเล็กๆ กลางตัวเมืองเก่าเชียงใหม่ ที่มีห้องพักสะอาด กว้างขวาง สามารถเดินทางไปเที่ยวได้อย่างสะดวกสบาย อีกทั้งยังเลือกพักได้แบบครอบครัวหรือกลุ่มเพื่อนก็ได้ รวมไปถึงยังมีอาหารเช้าอร่อยๆ วัตถุดิบคุณภาพ ปรุงสดใหม่ทุกวันให้บริการอีกด้วยเช่นกัน โดยที่นี่ขะมีคอนเซปที่ว่า พักกอดเชียงใหม่ เหมือนพักบ้านเพื่อน ประหนึ่งเพื่อนดูแลเพื่อน
43,โรงแรม ดาร์เลย์,Darley Hotel Chiangmai,โรงแรม,18.7917011,98.9980414,499793.56,2077779.89,"800-4,000 บาท",https://www.facebook.com/DarleyhotelChiangmai/,08-0099-8881,โรงแรมที่อยู่ใจกลางเมืองเชียงใหม่ ด้วยทำเลนี้ เลยทำให้เดินทางสะดวกสบาย สามารถไปตามแหล่งท่องเที่ยวได้ง่ายมากๆ ส่วนตัวของโรงแรมนั้น ก็จะตกแต่งในแบบสไตล์ลอฟ ผสานความอบอุ่นแบบเรียบง่าย ที่ได้จากกลิ่นไอของไม้โมเดิร์น
44,โรงแรม รติล้านนา ริเวอร์ไซด์ สปา รีสอร์ท,"RatiLanna Riverside Spa Resort, Chiang Mai",รีสอร์ท,18.7628189,99.0018412,499793.56,2074584.23,"3,000-6,000 บาท",https://www.facebook.com/RatiLannaCM/,0-5399-9333,โรงแรมที่อยู่ใจกลางเมืองเชียงใหม่ ห่างจากสนามบินแค่เพียง 4 กิโลเมตรเท่านั้น และที่สำคัญใกล้แหล่งท่องเที่ยวอย่างเชียงใหม่ไนท์บาซ่าร์อีกด้วย เป็นที่พักในสไตล์หรูหรา มีมากว่า 115 ห้องด้วยกัน โดยบรรยากาศรอบๆ จะเต็มไปด้วยเสน่ห์แบบเมืองเหนือ พร้อมอากาศบริสุทธิ์
45,ป่าไผ่ คันทรี ลอดจ์,Papai Country Lodge - Chiang Mai,รีสอร์ท,18.8262775,99.1841105,519397.71,2081615.62,"1,250-5,000 บาท",https://www.facebook.com/papaicountrylodge/,08-1882-7100,รีสอร์ทท่ามกลางธรรมชาติของ เชียงใหม่ ที่มีทั้งคาเฟ่และร้านอาหารริมลำธาร ตกแต่งในสไตล์สวยงาม เน้นความสะดวกสบาย สะอาด และเงียบสงบ ดื่มด่ำไปกับการธรรมชาติสีเขียวขจีที่รายล้อม ซึ่งที่นี่จะเน้นการบริการประหนึ่งคนในครอบครัว ทำให้รู้สึกเหมือนอยู่บ้านหลังที่ 2
46,โรงแรม สบาย สบาย,Sabai Sabai Chiang Mai,โรงแรม,18.8007693,98.9709129,496934.97,2078783.47,"2,200-4,629 บาท",https://www.facebook.com/SabaiSabaiChiangMaiThailand/,0-5321-3234,ตั้งอยู่ใจกลางเมืองเชียงใหม่แล้ว ก็ยังอยู่ใกล้ๆ กับ ถนนนิมมานเหมินทร์ ที่เที่ยวยอดฮิตอีกด้วย โดยโรงแรมจะมีห้องพักด้วยกันทั้งหมด 45 ห้อง ตั้งแต่ ห้องดีลักซ์ไปจนถึงห้องสวีทแบบสองห้องนอน ตกแต่งในสไตล์แบบโคโลเนียล เน้นความหรูหรา รวมถึงยังมีระเบียงส่วนตัว ไว้ให้ได้ชมวิวนอกห้องอีกด้วย
47,โรงแรม ดุสิตดีทู,dusitD2 chiang mai,โรงแรม,18.785981,98.9977283,499760.57,2077147,"1,800-8,000 บาท",https://www.facebook.com/dusitD2CM/,0-5399-9999,สถานที่พักผ่อนอันหรูหรา มีชีวิตชีวา ในทำเลใจกลางเมืองอันคึกคัก สะดวกสบายด้วยทำเลที่ตั้งบนถนนช้างคลานในย่านตัวเมืองเชียงใหม่ ใกล้จนเดินได้กับไนท์บาซาร์ ร้านอาหารมากมาย และสถานที่ยอดนิยมต่างๆ
48,ร็องเดวู คลาสสิค เฮาส์,Rendezvous Classic House,โรงแรม,18.782055,98.9803613,497930.32,2076712.72,"700-2,400 บาท",https://www.facebook.com/rendezvousclassichouse/,0-5327-1577, บูทีคโฮเทลสไตล์แบบโมเดิลล้านนา อยู่ใกล้ๆ กับย่านวัดพระสิงห์ ซึ่งตัวห้องพักจะเน้นสีขาว ดูเรียบง่าย แต่น่าพักผ่อน พร้อมกับระเบียงกว้างขวาง อีกทั้งยังมีสบู่อาบน้ำกลิ่นพิเศษอย่าง secret lanna ไว้ให้บริการด้วย รอบๆ ที่พักก็จะรายล้อมไปด้วยแหล่งอำนวยความสะดวกมากมาย ทั้ง ร้านสะดวกซื้อ ตลาดของฝากยามเช้า ให้ได้ช้อปปิ้งกันเต็มๆ เลย
,,,,,,,,,,,
